,open_time,open,high,low,close,volume,close_time,qav,num_trades,taker_base_vol,taker_quote_vol,ignore
2022-01-01 00:00:00,1640995200000.0,5.176e-05,5.34e-05,5.125e-05,5.3e-05,340459.5,1641081599999.0,17.79362558,2846.0,155800.5,8.13628285,0.0
2022-01-02 00:00:00,1641081600000.0,5.306e-05,5.469e-05,5.25e-05,5.395e-05,359022.2,1641167999999.0,19.28942959,4907.0,198536.5,10.6642222,0.0
2022-01-03 00:00:00,1641168000000.0,5.395e-05,5.66e-05,5.387e-05,5.515e-05,844336.4,1641254399999.0,46.67972407,7566.0,423090.2,23.35804557,0.0
2022-01-04 00:00:00,1641254400000.0,5.518e-05,5.576e-05,5.389e-05,5.409e-05,553272.0,1641340799999.0,30.25298793,5506.0,232546.3,12.71556245,0.0
2022-01-05 00:00:00,1641340800000.0,5.41e-05,5.548e-05,5.125e-05,5.335e-05,762849.6,1641427199999.0,41.29344025,8148.0,337773.7,18.30733586,0.0
2022-01-06 00:00:00,1641427200000.0,5.337e-05,5.517e-05,5.2e-05,5.443e-05,522571.3,1641513599999.0,28.02883248,6891.0,289261.0,15.47897807,0.0
2022-01-07 00:00:00,1641513600000.0,5.443e-05,5.458e-05,5.163e-05,5.25e-05,512480.1,1641599999999.0,27.05593003,6051.0,260973.9,13.79921352,0.0
2022-01-08 00:00:00,1641600000000.0,5.258e-05,5.336e-05,5.017e-05,5.105e-05,402309.5,1641686399999.0,20.75141145,5173.0,187378.9,9.71007844,0.0
2022-01-09 00:00:00,1641686400000.0,5.099e-05,5.213e-05,5.071e-05,5.137e-05,233718.6,1641772799999.0,11.9798141,2798.0,110394.2,5.66046331,0.0
2022-01-10 00:00:00,1641772800000.0,5.136e-05,5.21e-05,4.892e-05,4.964e-05,378697.0,1641859199999.0,19.00796136,4738.0,162681.7,8.16550354,0.0
2022-01-11 00:00:00,1641859200000.0,4.963e-05,5.036e-05,4.913e-05,5.024e-05,254409.6,1641945599999.0,12.65608369,2943.0,113943.5,5.67599718,0.0
2022-01-12 00:00:00,1641945600000.0,5.03e-05,5.2e-05,5.016e-05,5.115e-05,293380.2,1642031999999.0,14.97440708,3587.0,157611.4,8.06315645,0.0
2022-01-13 00:00:00,1642032000000.0,5.118e-05,5.775e-05,5.08e-05,5.497e-05,2345664.4,1642118399999.0,130.28376544,22675.0,1201685.4,66.72211483,0.0
2022-01-14 00:00:00,1642118400000.0,5.516e-05,5.706e-05,5.417e-05,5.501e-05,446920.9,1642204799999.0,24.71947184,6623.0,221310.8,12.21937383,0.0
2022-01-15 00:00:00,1642204800000.0,5.505e-05,5.636e-05,5.457e-05,5.541e-05,320701.2,1642291199999.0,17.73938257,5586.0,149483.1,8.27770861,0.0
2022-01-16 00:00:00,1642291200000.0,5.538e-05,5.71e-05,5.522e-05,5.651e-05,397706.4,1642377599999.0,22.386256,9316.0,194857.4,10.97046863,0.0
2022-01-17 00:00:00,1642377600000.0,5.653e-05,5.689e-05,5.257e-05,5.319e-05,492040.5,1642463999999.0,26.73252325,6163.0,216756.5,11.80586664,0.0
2022-01-18 00:00:00,1642464000000.0,5.316e-05,5.381e-05,5.1e-05,5.179e-05,465200.3,1642550399999.0,24.28467605,5264.0,240365.5,12.53291546,0.0
2022-01-19 00:00:00,1642550400000.0,5.165e-05,5.176e-05,4.996e-05,5.023e-05,358356.1,1642636799999.0,18.16829159,6086.0,194860.5,9.91063936,0.0
2022-01-20 00:00:00,1642636800000.0,5.011e-05,5.191e-05,4.992e-05,4.996e-05,281564.6,1642723199999.0,14.36641483,3637.0,126800.9,6.48248007,0.0
2022-01-21 00:00:00,1642723200000.0,4.995e-05,5.086e-05,4.696e-05,5.056e-05,722126.4,1642809599999.0,35.71790513,6856.0,400708.7,19.86897625,0.0
2022-01-22 00:00:00,1642809600000.0,5.051e-05,5.074e-05,4.4e-05,4.601e-05,977376.0,1642895999999.0,45.4898618,7456.0,432776.7,20.16730029,0.0
2022-01-23 00:00:00,1642896000000.0,4.601e-05,4.747e-05,4.535e-05,4.663e-05,625652.4,1642982399999.0,29.13091353,4020.0,341339.0,15.9189186,0.0
2022-01-24 00:00:00,1642982400000.0,4.66e-05,4.684e-05,4.245e-05,4.326e-05,625504.7,1643068799999.0,27.59434086,4344.0,302624.8,13.31004487,0.0
2022-01-25 00:00:00,1643068800000.0,4.327e-05,4.377e-05,4.244e-05,4.302e-05,274051.8,1643155199999.0,11.82165932,2521.0,167551.0,7.23494213,0.0
2022-01-26 00:00:00,1643155200000.0,4.316e-05,4.747e-05,4.28e-05,4.41e-05,877494.7,1643241599999.0,39.69597476,5916.0,473152.0,21.4916052,0.0
2022-01-27 00:00:00,1643241600000.0,4.419e-05,4.468e-05,4.238e-05,4.282e-05,252986.0,1643327999999.0,11.0704174,2713.0,150607.8,6.5809956,0.0
2022-01-28 00:00:00,1643328000000.0,4.281e-05,4.408e-05,4.226e-05,4.368e-05,381670.1,1643414399999.0,16.46476786,3054.0,200293.1,8.65486449,0.0
2022-01-29 00:00:00,1643414400000.0,4.364e-05,4.585e-05,4.36e-05,4.488e-05,615859.3,1643500799999.0,27.78050171,3538.0,257923.8,11.65788885,0.0
2022-01-30 00:00:00,1643500800000.0,4.487e-05,4.527e-05,4.326e-05,4.381e-05,188147.9,1643587199999.0,8.3760451,3811.0,99878.3,4.45741672,0.0
2022-01-31 00:00:00,1643587200000.0,4.381e-05,4.425e-05,4.281e-05,4.374e-05,167130.5,1643673599999.0,7.28562076,3500.0,68371.8,2.98369061,0.0
2022-02-01 00:00:00,1643673600000.0,4.381e-05,4.499e-05,4.304e-05,4.405e-05,250862.9,1643759999999.0,10.96981772,3449.0,123786.3,5.41368919,0.0
2022-02-02 00:00:00,1643760000000.0,4.409e-05,4.512e-05,4.35e-05,4.42e-05,308833.2,1643846399999.0,13.70485279,3183.0,173426.1,7.70354546,0.0
2022-02-03 00:00:00,1643846400000.0,4.42e-05,4.474e-05,4.357e-05,4.449e-05,198925.4,1643932799999.0,8.79264974,2161.0,82744.3,3.66066383,0.0
2022-02-04 00:00:00,1643932800000.0,4.455e-05,4.535e-05,4.226e-05,4.247e-05,340979.3,1644019199999.0,14.99230398,3505.0,167441.1,7.39081817,0.0
2022-02-05 00:00:00,1644019200000.0,4.234e-05,4.435e-05,4.228e-05,4.319e-05,301785.9,1644105599999.0,13.09548132,3487.0,167585.5,7.27082212,0.0
2022-02-06 00:00:00,1644105600000.0,4.319e-05,4.468e-05,4.279e-05,4.388e-05,425474.0,1644191999999.0,18.65097925,4109.0,197148.3,8.64204653,0.0
2022-02-07 00:00:00,1644192000000.0,4.385e-05,4.483e-05,4.315e-05,4.425e-05,482941.7,1644278399999.0,21.28431183,4131.0,183561.2,8.07827234,0.0
2022-02-08 00:00:00,1644278400000.0,4.422e-05,4.498e-05,4.146e-05,4.222e-05,579961.3,1644364799999.0,24.75686614,6258.0,270125.1,11.51163929,0.0
2022-02-09 00:00:00,1644364800000.0,4.225e-05,4.395e-05,4.216e-05,4.332e-05,392397.4,1644451199999.0,16.92549477,4558.0,199403.7,8.60508986,0.0
2022-02-10 00:00:00,1644451200000.0,4.335e-05,4.414e-05,4.065e-05,4.141e-05,356867.9,1644537599999.0,15.05917081,6006.0,183105.9,7.7178227,0.0
2022-02-11 00:00:00,1644537600000.0,4.137e-05,4.212e-05,3.988e-05,4.046e-05,346222.4,1644623999999.0,14.20737071,5884.0,148732.2,6.1268708,0.0
2022-02-12 00:00:00,1644624000000.0,4.042e-05,4.099e-05,3.933e-05,4.003e-05,215286.5,1644710399999.0,8.59926061,3421.0,94137.2,3.76209268,0.0
2022-02-13 00:00:00,1644710400000.0,4.007e-05,4.02e-05,3.848e-05,3.937e-05,203704.7,1644796799999.0,8.01621515,3503.0,103621.7,4.07845601,0.0
2022-02-14 00:00:00,1644796800000.0,3.943e-05,4.096e-05,3.889e-05,3.991e-05,392899.3,1644883199999.0,15.67340565,3738.0,221914.6,8.84481883,0.0
2022-02-15 00:00:00,1644883200000.0,3.987e-05,4.047e-05,3.948e-05,4.041e-05,303675.6,1644969599999.0,12.09941101,3250.0,155182.5,6.18893524,0.0
2022-02-16 00:00:00,1644969600000.0,4.038e-05,4.202e-05,3.984e-05,4.108e-05,351982.5,1645055999999.0,14.4726753,4707.0,194322.8,7.98107899,0.0
2022-02-17 00:00:00,1645056000000.0,4.117e-05,4.154e-05,4.027e-05,4.094e-05,391667.5,1645142399999.0,16.03561621,6777.0,197433.0,8.09220219,0.0
2022-02-18 00:00:00,1645142400000.0,4.096e-05,4.121e-05,3.917e-05,3.964e-05,469958.7,1645228799999.0,18.88462693,5160.0,238654.4,9.59077635,0.0
2022-02-19 00:00:00,1645228800000.0,3.952e-05,3.981e-05,3.839e-05,3.954e-05,205177.8,1645315199999.0,8.06166496,5344.0,98011.3,3.85217306,0.0
2022-02-20 00:00:00,1645315200000.0,3.949e-05,3.949e-05,3.775e-05,3.864e-05,313520.1,1645401599999.0,12.09937686,3131.0,162471.9,6.26770693,0.0
2022-02-21 00:00:00,1645401600000.0,3.868e-05,3.95e-05,3.669e-05,3.689e-05,413866.6,1645487999999.0,15.93865982,3207.0,185770.1,7.16436423,0.0
2022-02-22 00:00:00,1645488000000.0,3.692e-05,3.771e-05,3.605e-05,3.719e-05,381225.5,1645574399999.0,14.05534508,2663.0,165915.2,6.12958484,0.0
2022-02-23 00:00:00,1645574400000.0,3.72e-05,3.829e-05,3.705e-05,3.716e-05,196662.7,1645660799999.0,7.41490012,2143.0,118370.3,4.4693467,0.0
2022-02-24 00:00:00,1645660800000.0,3.717e-05,3.736e-05,3.416e-05,3.493e-05,582130.5,1645747199999.0,20.50285519,4557.0,299363.0,10.52435945,0.0
2022-02-25 00:00:00,1645747200000.0,3.5e-05,3.804e-05,3.437e-05,3.7e-05,334599.8,1645833599999.0,11.87844911,2930.0,193298.1,6.890939,0.0
2022-02-26 00:00:00,1645833600000.0,3.698e-05,3.722e-05,3.638e-05,3.669e-05,175384.6,1645919999999.0,6.45396089,1520.0,93736.4,3.45162218,0.0
2022-02-27 00:00:00,1645920000000.0,3.67e-05,3.923e-05,3.578e-05,3.668e-05,259509.4,1646006399999.0,9.66765978,3316.0,136533.9,5.10002414,0.0
2022-02-28 00:00:00,1646006400000.0,3.663e-05,3.663e-05,3.372e-05,3.483e-05,634321.1,1646092799999.0,22.31886112,4342.0,341982.3,12.01584078,0.0
2022-03-01 00:00:00,1646092800000.0,3.484e-05,3.518e-05,3.401e-05,3.421e-05,367177.7,1646179199999.0,12.67000169,3898.0,157462.9,5.43157329,0.0
2022-03-02 00:00:00,1646179200000.0,3.423e-05,3.476e-05,3.352e-05,3.399e-05,562182.3,1646265599999.0,19.19836172,3355.0,247138.1,8.45891891,0.0
2022-03-03 00:00:00,1646265600000.0,3.406e-05,3.45e-05,3.329e-05,3.386e-05,227791.3,1646351999999.0,7.70905416,2525.0,127195.5,4.30801763,0.0
2022-03-04 00:00:00,1646352000000.0,3.385e-05,3.471e-05,3.355e-05,3.445e-05,373197.7,1646438399999.0,12.72465421,3010.0,217271.4,7.42233971,0.0
2022-03-05 00:00:00,1646438400000.0,3.444e-05,3.49e-05,3.36e-05,3.446e-05,487221.7,1646524799999.0,16.65724649,2071.0,330603.1,11.27248412,0.0
2022-03-06 00:00:00,1646524800000.0,3.446e-05,3.463e-05,3.373e-05,3.389e-05,244613.7,1646611199999.0,8.35554222,2279.0,113769.0,3.89212888,0.0
2022-03-07 00:00:00,1646611200000.0,3.395e-05,3.402e-05,3.29e-05,3.348e-05,435129.4,1646697599999.0,14.5467263,2478.0,180136.6,6.03133197,0.0
2022-03-08 00:00:00,1646697600000.0,3.347e-05,3.379e-05,3.297e-05,3.346e-05,401478.0,1646783999999.0,13.43280009,2040.0,127172.7,4.25325313,0.0
2022-03-09 00:00:00,1646784000000.0,3.348e-05,3.388e-05,3.221e-05,3.28e-05,448037.8,1646870399999.0,14.77067771,2989.0,179929.0,5.91547817,0.0
2022-03-10 00:00:00,1646870400000.0,3.277e-05,3.742e-05,3.265e-05,3.483e-05,836670.5,1646956799999.0,29.17749219,5243.0,419418.1,14.5753733,0.0
2022-03-11 00:00:00,1646956800000.0,3.479e-05,3.483e-05,3.374e-05,3.409e-05,221636.6,1647043199999.0,7.56503386,3811.0,103801.8,3.54388633,0.0
2022-03-12 00:00:00,1647043200000.0,3.406e-05,3.512e-05,3.405e-05,3.43e-05,402573.9,1647129599999.0,13.87351332,5946.0,232944.4,8.02545744,0.0
2022-03-13 00:00:00,1647129600000.0,3.429e-05,3.616e-05,3.419e-05,3.465e-05,396659.3,1647215999999.0,13.99265318,5515.0,166522.0,5.87146789,0.0
2022-03-14 00:00:00,1647216000000.0,3.46e-05,3.462e-05,3.335e-05,3.362e-05,226382.3,1647302399999.0,7.71886758,5121.0,115833.7,3.95134599,0.0
2022-03-15 00:00:00,1647302400000.0,3.365e-05,3.459e-05,3.355e-05,3.441e-05,285157.2,1647388799999.0,9.74118523,3539.0,153031.9,5.23676172,0.0
2022-03-16 00:00:00,1647388800000.0,3.443e-05,3.817e-05,3.375e-05,3.667e-05,2007842.7,1647475199999.0,73.16027165,15410.0,825314.6,30.11963488,0.0
2022-03-17 00:00:00,1647475200000.0,3.667e-05,3.788e-05,3.589e-05,3.623e-05,637221.8,1647561599999.0,23.35083334,6896.0,234968.2,8.62947119,0.0
2022-03-18 00:00:00,1647561600000.0,3.621e-05,3.949e-05,3.596e-05,3.811e-05,1599868.5,1647647999999.0,61.08938893,14894.0,760422.3,28.999825,0.0
2022-03-19 00:00:00,1647648000000.0,3.811e-05,4.168e-05,3.789e-05,3.869e-05,2171213.8,1647734399999.0,86.20113241,10903.0,1047599.1,41.4401668,0.0
2022-03-20 00:00:00,1647734400000.0,3.871e-05,3.943e-05,3.734e-05,3.768e-05,655811.4,1647820799999.0,25.00933056,8150.0,288921.1,11.03591889,0.0
2022-03-21 00:00:00,1647820800000.0,3.768e-05,3.86e-05,3.716e-05,3.732e-05,1471359.1,1647907199999.0,55.24344843,7962.0,1006344.8,37.72829238,0.0
2022-03-22 00:00:00,1647907200000.0,3.734e-05,3.846e-05,3.63e-05,3.65e-05,552453.7,1647993599999.0,20.46290094,7111.0,310790.9,11.51341448,0.0
2022-03-23 00:00:00,1647993600000.0,3.648e-05,3.835e-05,3.63e-05,3.761e-05,684696.2,1648079999999.0,25.74562852,7470.0,306486.5,11.51282953,0.0
2022-03-24 00:00:00,1648080000000.0,3.763e-05,3.818e-05,3.633e-05,3.703e-05,752702.4,1648166399999.0,28.04006447,9090.0,380733.9,14.16479955,0.0
2022-03-25 00:00:00,1648166400000.0,3.706e-05,3.74e-05,3.511e-05,3.546e-05,655996.2,1648252799999.0,23.69404093,7584.0,253379.7,9.17845136,0.0
2022-03-26 00:00:00,1648252800000.0,3.548e-05,3.67e-05,3.515e-05,3.652e-05,363045.6,1648339199999.0,13.05047607,6240.0,169600.0,6.08703676,0.0
2022-03-27 00:00:00,1648339200000.0,3.654e-05,3.892e-05,3.644e-05,3.73e-05,983917.5,1648425599999.0,37.17368775,9484.0,465166.7,17.6024471,0.0
2022-03-28 00:00:00,1648425600000.0,3.729e-05,3.882e-05,3.635e-05,3.659e-05,678761.7,1648511999999.0,25.67188628,5987.0,334479.3,12.70084558,0.0
2022-03-29 00:00:00,1648512000000.0,3.661e-05,3.986e-05,3.66e-05,3.783e-05,676842.1,1648598399999.0,25.85404371,6146.0,365258.6,13.98682881,0.0
2022-03-30 00:00:00,1648598400000.0,3.769e-05,3.999e-05,3.649e-05,3.901e-05,515659.0,1648684799999.0,19.8411901,5803.0,245476.5,9.44120757,0.0
2022-03-31 00:00:00,1648684800000.0,3.91e-05,4.091e-05,3.776e-05,3.904e-05,1042558.6,1648771199999.0,41.01758346,9395.0,485877.5,19.15537809,0.0
2022-04-01 00:00:00,1648771200000.0,3.903e-05,4.081e-05,3.772e-05,4.068e-05,731368.6,1648857599999.0,28.77897883,5266.0,318930.0,12.56272787,0.0
2022-04-02 00:00:00,1648857600000.0,4.067e-05,4.5e-05,4.01e-05,4.198e-05,1645626.8,1648943999999.0,70.36735045,14851.0,866674.7,37.11114297,0.0
2022-04-03 00:00:00,1648944000000.0,4.194e-05,4.379e-05,4.111e-05,4.264e-05,628787.8,1649030399999.0,26.67508444,6855.0,306531.6,13.03646544,0.0
2022-04-04 00:00:00,1649030400000.0,4.261e-05,4.337e-05,3.989e-05,4.075e-05,657591.8,1649116799999.0,27.21248707,7449.0,400377.0,16.54718276,0.0
2022-04-05 00:00:00,1649116800000.0,4.079e-05,4.145e-05,3.99e-05,4.033e-05,431135.6,1649203199999.0,17.51728707,5388.0,207775.1,8.43978515,0.0
2022-04-06 00:00:00,1649203200000.0,4.036e-05,4.047e-05,3.686e-05,3.712e-05,748355.6,1649289599999.0,28.63480586,5799.0,291496.8,11.17587993,0.0
2022-04-07 00:00:00,1649289600000.0,3.707e-05,3.823e-05,3.672e-05,3.815e-05,323322.9,1649375999999.0,12.13771597,3498.0,140469.7,5.27988355,0.0
2022-04-08 00:00:00,1649376000000.0,3.814e-05,3.852e-05,3.714e-05,3.733e-05,322933.4,1649462399999.0,12.26090775,4766.0,146589.2,5.56939171,0.0
2022-04-09 00:00:00,1649462400000.0,3.733e-05,3.905e-05,3.724e-05,3.891e-05,294766.0,1649548799999.0,11.33868203,3785.0,179394.8,6.90420809,0.0
2022-04-10 00:00:00,1649548800000.0,3.891e-05,3.891e-05,3.756e-05,3.763e-05,169219.1,1649635199999.0,6.45045009,2756.0,87535.7,3.3392114,0.0
2022-04-11 00:00:00,1649635200000.0,3.762e-05,3.791e-05,3.559e-05,3.696e-05,344901.4,1649721599999.0,12.61980257,4420.0,143328.2,5.23242351,0.0
2022-04-12 00:00:00,1649721600000.0,3.698e-05,3.794e-05,3.661e-05,3.779e-05,271079.8,1649807999999.0,10.08088793,5132.0,170213.8,6.32800656,0.0
2022-04-13 00:00:00,1649808000000.0,3.78e-05,3.823e-05,3.718e-05,3.77e-05,151901.8,1649894399999.0,5.72640681,2128.0,81676.5,3.07915151,0.0
2022-04-14 00:00:00,1649894400000.0,3.76e-05,3.809e-05,3.711e-05,3.794e-05,254595.9,1649980799999.0,9.57680179,4958.0,105787.1,3.98012943,0.0
2022-04-15 00:00:00,1649980800000.0,3.797e-05,3.834e-05,3.723e-05,3.743e-05,160977.5,1650067199999.0,6.09052673,4062.0,71147.4,2.69739875,0.0
2022-04-16 00:00:00,1650067200000.0,3.748e-05,3.771e-05,3.706e-05,3.743e-05,126233.3,1650153599999.0,4.72587392,3253.0,59525.8,2.22795297,0.0
2022-04-17 00:00:00,1650153600000.0,3.742e-05,3.764e-05,3.671e-05,3.681e-05,189072.0,1650239999999.0,7.03237988,4229.0,63997.3,2.37962172,0.0
2022-04-18 00:00:00,1650240000000.0,3.681e-05,3.695e-05,3.563e-05,3.664e-05,214499.3,1650326399999.0,7.82226562,2206.0,108245.3,3.94972934,0.0
2022-04-19 00:00:00,1650326400000.0,3.663e-05,3.727e-05,3.636e-05,3.715e-05,125315.9,1650412799999.0,4.61066033,1637.0,57737.0,2.122853,0.0
2022-04-20 00:00:00,1650412800000.0,3.706e-05,3.781e-05,3.645e-05,3.732e-05,264773.6,1650499199999.0,9.85247291,2301.0,115635.3,4.29873843,0.0
2022-04-21 00:00:00,1650499200000.0,3.733e-05,3.934e-05,3.672e-05,3.686e-05,583606.4,1650585599999.0,22.26242087,5563.0,306239.7,11.67775573,0.0
2022-04-22 00:00:00,1650585600000.0,3.682e-05,3.964e-05,3.682e-05,3.71e-05,419086.5,1650671999999.0,16.10656165,4193.0,210520.5,8.08673962,0.0
2022-04-23 00:00:00,1650672000000.0,3.715e-05,3.728e-05,3.648e-05,3.662e-05,288079.6,1650758399999.0,10.63172055,3730.0,143364.7,5.29042977,0.0
2022-04-24 00:00:00,1650758400000.0,3.662e-05,3.682e-05,3.577e-05,3.595e-05,167258.3,1650844799999.0,6.05208007,2068.0,79128.6,2.86455114,0.0
2022-04-25 00:00:00,1650844800000.0,3.595e-05,3.611e-05,3.421e-05,3.507e-05,337969.2,1650931199999.0,11.75999217,3162.0,190432.8,6.62376342,0.0
2022-04-26 00:00:00,1650931200000.0,3.505e-05,3.509e-05,3.327e-05,3.38e-05,212251.6,1651017599999.0,7.26748386,2699.0,92734.1,3.17864818,0.0
2022-04-27 00:00:00,1651017600000.0,3.375e-05,3.475e-05,3.352e-05,3.369e-05,155318.8,1651103999999.0,5.28608954,1940.0,84043.2,2.86393458,0.0
2022-04-28 00:00:00,1651104000000.0,3.369e-05,3.414e-05,3.25e-05,3.28e-05,370483.4,1651190399999.0,12.3175137,3124.0,188011.7,6.25794952,0.0
2022-04-29 00:00:00,1651190400000.0,3.281e-05,3.304e-05,3.214e-05,3.261e-05,159208.5,1651276799999.0,5.19053773,2039.0,89063.8,2.90625905,0.0
2022-04-30 00:00:00,1651276800000.0,3.271e-05,3.515e-05,2.844e-05,2.976e-05,638814.5,1651363199999.0,20.74700802,5393.0,298359.0,9.73156468,0.0
2022-05-01 00:00:00,1651363200000.0,2.978e-05,3.05e-05,2.905e-05,3.013e-05,434237.5,1651449599999.0,12.9171412,3338.0,195397.5,5.81622385,0.0
2022-05-02 00:00:00,1651449600000.0,3.013e-05,3.16e-05,2.905e-05,3.053e-05,505236.5,1651535999999.0,15.32772149,3878.0,239349.4,7.24027746,0.0
2022-05-03 00:00:00,1651536000000.0,3.05e-05,3.334e-05,3.008e-05,3.106e-05,527671.1,1651622399999.0,16.54057148,3888.0,294449.4,9.24895325,0.0
2022-05-04 00:00:00,1651622400000.0,3.102e-05,3.25e-05,3.027e-05,3.236e-05,314547.2,1651708799999.0,9.81950605,4667.0,145075.9,4.51712977,0.0
2022-05-05 00:00:00,1651708800000.0,3.239e-05,3.652e-05,3.171e-05,3.521e-05,1532254.8,1651795199999.0,52.57091067,11768.0,821475.2,28.18199684,0.0
2022-05-06 00:00:00,1651795200000.0,3.517e-05,3.806e-05,3.488e-05,3.76e-05,1286833.8,1651881599999.0,47.05267912,11668.0,687939.7,25.15578322,0.0
2022-05-07 00:00:00,1651881600000.0,3.765e-05,3.772e-05,3.585e-05,3.667e-05,610375.3,1651967999999.0,22.22441428,6910.0,307363.0,11.18630061,0.0
2022-05-08 00:00:00,1651968000000.0,3.669e-05,3.873e-05,3.669e-05,3.822e-05,506280.3,1652054399999.0,19.17813032,5825.0,261081.6,9.89056282,0.0
2022-05-09 00:00:00,1652054400000.0,3.825e-05,4.3e-05,3.335e-05,3.351e-05,1708694.9,1652140799999.0,66.97954425,14583.0,801410.4,31.59125138,0.0
2022-05-10 00:00:00,1652140800000.0,3.36e-05,3.538e-05,3.274e-05,3.356e-05,1367562.0,1652227199999.0,46.72970253,9970.0,797886.4,27.29659352,0.0
2022-05-11 00:00:00,1652227200000.0,3.356e-05,3.635e-05,3.14e-05,3.479e-05,1784250.0,1652313599999.0,59.74307665,16050.0,966365.8,32.3724361,0.0
2022-05-12 00:00:00,1652313600000.0,3.474e-05,3.508e-05,2.638e-05,2.783e-05,1653089.2,1652399999999.0,47.98772627,13672.0,946394.6,27.36474007,0.0
2022-05-13 00:00:00,1652400000000.0,2.791e-05,3.205e-05,2.728e-05,3.126e-05,1103607.5,1652486399999.0,32.90013203,6819.0,567708.4,16.97297414,0.0
2022-05-14 00:00:00,1652486400000.0,3.127e-05,3.306e-05,3.091e-05,3.129e-05,1235437.4,1652572799999.0,39.19597025,7715.0,612259.6,19.39790929,0.0
2022-05-15 00:00:00,1652572800000.0,3.13e-05,3.179e-05,3.049e-05,3.127e-05,580354.8,1652659199999.0,18.05530634,4940.0,290884.5,9.03750248,0.0
2022-05-16 00:00:00,1652659200000.0,3.123e-05,3.167e-05,3.043e-05,3.089e-05,478223.9,1652745599999.0,14.81605877,5178.0,239009.1,7.40232926,0.0
2022-05-17 00:00:00,1652745600000.0,3.09e-05,3.2e-05,3.055e-05,3.154e-05,424649.0,1652831999999.0,13.24399389,4561.0,200736.5,6.26299251,0.0
2022-05-18 00:00:00,1652832000000.0,3.155e-05,3.207e-05,3.068e-05,3.158e-05,483899.3,1652918399999.0,15.13938838,5037.0,236094.0,7.3864186,0.0
2022-05-19 00:00:00,1652918400000.0,3.158e-05,3.166e-05,3.017e-05,3.073e-05,572128.9,1653004799999.0,17.71712832,3555.0,224012.9,6.93074231,0.0
2022-05-20 00:00:00,1653004800000.0,3.071e-05,3.184e-05,3.029e-05,3.125e-05,282065.7,1653091199999.0,8.73389927,1586.0,143986.2,4.45346731,0.0
2022-05-21 00:00:00,1653091200000.0,3.135e-05,3.287e-05,3.113e-05,3.272e-05,249511.0,1653177599999.0,7.94526419,1710.0,110898.0,3.52776719,0.0
2022-05-22 00:00:00,1653177600000.0,3.274e-05,3.414e-05,3.237e-05,3.293e-05,348910.7,1653263999999.0,11.57480327,3635.0,195866.7,6.49690075,0.0
2022-05-23 00:00:00,1653264000000.0,3.295e-05,3.495e-05,3.264e-05,3.273e-05,598164.8,1653350399999.0,20.05197493,6027.0,283565.8,9.51701871,0.0
2022-05-24 00:00:00,1653350400000.0,3.273e-05,3.519e-05,3.264e-05,3.358e-05,429509.3,1653436799999.0,14.55468357,5429.0,182246.0,6.16791736,0.0
2022-05-25 00:00:00,1653436800000.0,3.359e-05,3.373e-05,3.231e-05,3.274e-05,228702.7,1653523199999.0,7.49939523,4652.0,111387.7,3.65333635,0.0
2022-05-26 00:00:00,1653523200000.0,3.269e-05,3.292e-05,3.065e-05,3.128e-05,374419.3,1653609599999.0,11.76149882,3414.0,174117.0,5.4605999,0.0
2022-05-27 00:00:00,1653609600000.0,3.128e-05,3.187e-05,3.077e-05,3.137e-05,321170.7,1653695999999.0,10.05748627,5120.0,170023.3,5.32489083,0.0
2022-05-28 00:00:00,1653696000000.0,3.137e-05,3.198e-05,3.111e-05,3.156e-05,276900.5,1653782399999.0,8.75465276,5080.0,118635.8,3.75723877,0.0
2022-05-29 00:00:00,1653782400000.0,3.163e-05,3.17e-05,3.103e-05,3.123e-05,140595.9,1653868799999.0,4.39871025,1969.0,69135.8,2.16182397,0.0
2022-05-30 00:00:00,1653868800000.0,3.117e-05,3.227e-05,3.101e-05,3.169e-05,477411.6,1653955199999.0,15.06557172,6276.0,173154.6,5.46198736,0.0
2022-05-31 00:00:00,1653955200000.0,3.168e-05,3.201e-05,3.027e-05,3.049e-05,716808.6,1654041599999.0,22.18201881,6265.0,430258.7,13.29943864,0.0
2022-06-01 00:00:00,1654041600000.0,3.043e-05,3.228e-05,3.006e-05,3.193e-05,825196.8,1654127999999.0,25.6543663,6376.0,511750.7,15.92955748,0.0
2022-06-02 00:00:00,1654128000000.0,3.2e-05,3.2e-05,2.981e-05,3.063e-05,961175.8,1654214399999.0,29.47559118,5566.0,730490.3,22.38303907,0.0
2022-06-03 00:00:00,1654214400000.0,3.062e-05,3.062e-05,2.913e-05,2.939e-05,667122.2,1654300799999.0,19.78883449,4479.0,442629.0,13.12405651,0.0
2022-06-04 00:00:00,1654300800000.0,2.942e-05,2.964e-05,2.88e-05,2.91e-05,403009.5,1654387199999.0,11.72997353,2686.0,259756.5,7.56900663,0.0
2022-06-05 00:00:00,1654387200000.0,2.907e-05,2.913e-05,2.86e-05,2.866e-05,156874.8,1654473599999.0,4.52014937,1190.0,105217.3,3.03209165,0.0
2022-06-06 00:00:00,1654473600000.0,2.869e-05,2.876e-05,2.745e-05,2.789e-05,415976.1,1654559999999.0,11.68030803,2353.0,265826.3,7.45689353,0.0
2022-06-07 00:00:00,1654560000000.0,2.786e-05,2.875e-05,2.702e-05,2.719e-05,899296.5,1654646399999.0,24.95800676,3443.0,661481.8,18.34104856,0.0
2022-06-08 00:00:00,1654646400000.0,2.718e-05,2.789e-05,2.683e-05,2.706e-05,502195.1,1654732799999.0,13.69113553,2075.0,276846.0,7.55024301,0.0
2022-06-09 00:00:00,1654732800000.0,2.703e-05,2.709e-05,2.654e-05,2.662e-05,327502.7,1654819199999.0,8.77457859,1384.0,191300.8,5.12516962,0.0
2022-06-10 00:00:00,1654819200000.0,2.664e-05,2.669e-05,2.56e-05,2.605e-05,437763.6,1654905599999.0,11.47738803,2147.0,236297.8,6.19984721,0.0
2022-06-11 00:00:00,1654905600000.0,2.608e-05,2.631e-05,2.443e-05,2.447e-05,394426.6,1654991999999.0,9.91353356,1974.0,235824.3,5.92723648,0.0
2022-06-12 00:00:00,1654992000000.0,2.45e-05,2.524e-05,2.384e-05,2.448e-05,618481.3,1655078399999.0,15.10034469,2386.0,347612.6,8.48420012,0.0
2022-06-13 00:00:00,1655078400000.0,2.449e-05,2.67e-05,2.352e-05,2.668e-05,1286115.8,1655164799999.0,31.70152901,5224.0,646928.2,15.98018013,0.0
2022-06-14 00:00:00,1655164800000.0,2.67e-05,2.73e-05,2.575e-05,2.678e-05,922941.4,1655251199999.0,24.43734853,3773.0,536881.7,14.23809105,0.0
2022-06-15 00:00:00,1655251200000.0,2.676e-05,2.807e-05,2.616e-05,2.79e-05,1130428.2,1655337599999.0,30.42642782,5058.0,566594.2,15.25224022,0.0
2022-06-16 00:00:00,1655337600000.0,2.796e-05,2.908e-05,2.76e-05,2.822e-05,656290.1,1655423999999.0,18.70928686,2766.0,392196.1,11.19640201,0.0
2022-06-17 00:00:00,1655424000000.0,2.829e-05,2.898e-05,2.802e-05,2.884e-05,266577.7,1655510399999.0,7.5981944,1854.0,135867.6,3.87040848,0.0
2022-06-18 00:00:00,1655510400000.0,2.886e-05,2.947e-05,2.818e-05,2.906e-05,431403.2,1655596799999.0,12.43268674,2613.0,204148.6,5.8851326,0.0
2022-06-19 00:00:00,1655596800000.0,2.909e-05,2.971e-05,2.786e-05,2.818e-05,269599.2,1655683199999.0,7.7586996,2254.0,134079.0,3.85721008,0.0
2022-06-20 00:00:00,1655683200000.0,2.823e-05,3.551e-05,2.81e-05,3.334e-05,1313097.1,1655769599999.0,43.03993236,7275.0,619934.1,20.16141658,0.0
2022-06-21 00:00:00,1655769600000.0,3.34e-05,3.58e-05,3.208e-05,3.332e-05,1366890.4,1655855999999.0,45.93418295,7730.0,774321.5,26.04359224,0.0
2022-06-22 00:00:00,1655856000000.0,3.331e-05,3.627e-05,3.22e-05,3.443e-05,1314043.8,1655942399999.0,44.69816211,8078.0,608451.0,20.69879343,0.0
2022-06-23 00:00:00,1655942400000.0,3.449e-05,3.474e-05,3.3e-05,3.377e-05,386421.7,1656028799999.0,13.06201312,4065.0,192082.9,6.49950413,0.0
2022-06-24 00:00:00,1656028800000.0,3.391e-05,3.671e-05,3.324e-05,3.551e-05,1017027.8,1656115199999.0,35.4677081,7615.0,497855.0,17.40912927,0.0
2022-06-25 00:00:00,1656115200000.0,3.549e-05,3.578e-05,3.315e-05,3.389e-05,770771.5,1656201599999.0,26.65559218,4292.0,333328.5,11.56434045,0.0
2022-06-26 00:00:00,1656201600000.0,3.399e-05,3.676e-05,3.28e-05,3.286e-05,913561.5,1656287999999.0,32.16824241,5014.0,434759.8,15.29477518,0.0
2022-06-27 00:00:00,1656288000000.0,3.292e-05,3.379e-05,3.115e-05,3.246e-05,465464.7,1656374399999.0,15.22904038,4315.0,213398.8,6.99151381,0.0
2022-06-28 00:00:00,1656374400000.0,3.247e-05,3.869e-05,3.117e-05,3.663e-05,2098841.6,1656460799999.0,76.01719878,12135.0,1012923.7,36.78521512,0.0
2022-06-29 00:00:00,1656460800000.0,3.651e-05,3.857e-05,3.473e-05,3.522e-05,571740.1,1656547199999.0,20.94604461,6017.0,263955.6,9.72023267,0.0
2022-06-30 00:00:00,1656547200000.0,3.529e-05,3.737e-05,3.457e-05,3.485e-05,510667.3,1656633599999.0,18.37547519,5570.0,245910.7,8.85354277,0.0
2022-07-01 00:00:00,1656633600000.0,3.483e-05,3.521e-05,3.337e-05,3.392e-05,335379.8,1656719999999.0,11.46344209,4414.0,173396.1,5.92841483,0.0
2022-07-02 00:00:00,1656720000000.0,3.393e-05,3.416e-05,3.243e-05,3.303e-05,292847.5,1656806399999.0,9.66474316,3645.0,96471.3,3.19733954,0.0
2022-07-03 00:00:00,1656806400000.0,3.306e-05,3.309e-05,3.209e-05,3.245e-05,139348.9,1656892799999.0,4.53962236,3273.0,52771.0,1.72163323,0.0
2022-07-04 00:00:00,1656892800000.0,3.251e-05,3.264e-05,3.132e-05,3.151e-05,222023.0,1656979199999.0,7.05458736,4000.0,83848.3,2.66763241,0.0
2022-07-05 00:00:00,1656979200000.0,3.143e-05,3.221e-05,3.05e-05,3.086e-05,400458.8,1657065599999.0,12.59295736,4876.0,227979.4,7.18826886,0.0
2022-07-06 00:00:00,1657065600000.0,3.081e-05,3.141e-05,3.041e-05,3.043e-05,194371.3,1657151999999.0,5.98315701,3264.0,71271.7,2.19796087,0.0
2022-07-07 00:00:00,1657152000000.0,3.042e-05,3.13e-05,2.954e-05,2.978e-05,211674.5,1657238399999.0,6.41242028,2745.0,78251.2,2.38435092,0.0
2022-07-08 00:00:00,1657238400000.0,2.973e-05,3.3e-05,2.95e-05,3.185e-05,688527.5,1657324799999.0,21.79614505,4246.0,345521.8,10.95578928,0.0
2022-07-09 00:00:00,1657324800000.0,3.185e-05,3.295e-05,3.122e-05,3.225e-05,227270.9,1657411199999.0,7.21838255,1897.0,113137.6,3.59074781,0.0
2022-07-10 00:00:00,1657411200000.0,3.228e-05,3.288e-05,3.052e-05,3.062e-05,220339.8,1657497599999.0,6.92221742,1850.0,84131.0,2.64851378,0.0
2022-07-11 00:00:00,1657497600000.0,3.067e-05,3.122e-05,2.948e-05,2.961e-05,150887.2,1657583999999.0,4.5962328,1851.0,67460.3,2.06244639,0.0
2022-07-12 00:00:00,1657584000000.0,2.962e-05,2.997e-05,2.88e-05,2.894e-05,327439.9,1657670399999.0,9.59576394,2441.0,88868.3,2.61997099,0.0
2022-07-13 00:00:00,1657670400000.0,2.897e-05,2.98e-05,2.851e-05,2.94e-05,161479.7,1657756799999.0,4.72042168,2028.0,69671.3,2.04259124,0.0
2022-07-14 00:00:00,1657756800000.0,2.94e-05,3.031e-05,2.879e-05,2.99e-05,240704.9,1657843199999.0,7.13890721,3023.0,138923.7,4.12775062,0.0
2022-07-15 00:00:00,1657843200000.0,2.994e-05,3.322e-05,2.952e-05,3.135e-05,999244.3,1657929599999.0,31.50102861,7422.0,670240.8,21.13643918,0.0
2022-07-16 00:00:00,1657929600000.0,3.136e-05,3.183e-05,3.057e-05,3.144e-05,313663.0,1658015999999.0,9.76509092,4083.0,161470.9,5.03095489,0.0
2022-07-17 00:00:00,1658016000000.0,3.147e-05,3.185e-05,3.008e-05,3.102e-05,363290.3,1658102399999.0,11.24375162,3631.0,179774.3,5.59582548,0.0
2022-07-18 00:00:00,1658102400000.0,3.104e-05,3.327e-05,3.069e-05,3.184e-05,640602.2,1658188799999.0,20.54275204,6739.0,311937.0,10.00483897,0.0
2022-07-19 00:00:00,1658188800000.0,3.2e-05,3.433e-05,3.112e-05,3.138e-05,599245.7,1658275199999.0,19.58595066,5605.0,295888.0,9.72361714,0.0
2022-07-20 00:00:00,1658275200000.0,3.147e-05,3.186e-05,2.879e-05,2.905e-05,594971.2,1658361599999.0,17.97372537,4318.0,202074.8,6.10668414,0.0
2022-07-21 00:00:00,1658361600000.0,2.911e-05,3.001e-05,2.852e-05,2.972e-05,260591.3,1658447999999.0,7.60805848,2025.0,98383.9,2.87950662,0.0
2022-07-22 00:00:00,1658448000000.0,2.98e-05,3.064e-05,2.894e-05,2.918e-05,255224.2,1658534399999.0,7.60930481,2106.0,119795.4,3.57301154,0.0
2022-07-23 00:00:00,1658534400000.0,2.917e-05,3.07e-05,2.91e-05,3.031e-05,298999.0,1658620799999.0,9.00991908,2315.0,157900.1,4.75319968,0.0
2022-07-24 00:00:00,1658620800000.0,3.031e-05,3.077e-05,2.976e-05,2.99e-05,247052.0,1658707199999.0,7.47360495,1527.0,132247.4,4.00532348,0.0
2022-07-25 00:00:00,1658707200000.0,2.994e-05,3e-05,2.908e-05,2.924e-05,285050.4,1658793599999.0,8.43010973,1992.0,153338.0,4.5356426,0.0
2022-07-26 00:00:00,1658793600000.0,2.927e-05,2.994e-05,2.883e-05,2.993e-05,191407.4,1658879999999.0,5.59564836,2204.0,95365.3,2.79113414,0.0
2022-07-27 00:00:00,1658880000000.0,2.995e-05,3.052e-05,2.938e-05,3.025e-05,184285.3,1658966399999.0,5.50145222,2994.0,94801.9,2.83939937,0.0
2022-07-28 00:00:00,1658966400000.0,3.025e-05,3.357e-05,3.003e-05,3.244e-05,1236735.7,1659052799999.0,39.63525872,7145.0,571994.3,18.21958167,0.0
2022-07-29 00:00:00,1659052800000.0,3.248e-05,3.274e-05,3.124e-05,3.203e-05,445444.8,1659139199999.0,14.33660907,4776.0,232451.8,7.49125402,0.0
2022-07-30 00:00:00,1659139200000.0,3.198e-05,3.422e-05,3.19e-05,3.24e-05,482404.0,1659225599999.0,15.85353427,6627.0,235611.3,7.76021452,0.0
2022-07-31 00:00:00,1659225600000.0,3.24e-05,3.48e-05,3.227e-05,3.262e-05,435062.6,1659311999999.0,14.49220929,6277.0,245216.9,8.16894194,0.0
2022-08-01 00:00:00,1659312000000.0,3.264e-05,3.401e-05,3.235e-05,3.31e-05,365932.8,1659398399999.0,12.13314022,5073.0,181843.8,6.05811143,0.0
2022-08-02 00:00:00,1659398400000.0,3.309e-05,3.344e-05,3.143e-05,3.229e-05,356023.4,1659484799999.0,11.43501567,5515.0,168986.9,5.45496843,0.0
2022-08-03 00:00:00,1659484800000.0,3.234e-05,3.485e-05,3.184e-05,3.357e-05,340768.4,1659571199999.0,11.52579951,4833.0,186921.4,6.32521288,0.0
2022-08-04 00:00:00,1659571200000.0,3.361e-05,3.614e-05,3.351e-05,3.529e-05,402947.2,1659657599999.0,14.08840346,4697.0,182411.0,6.39333682,0.0
2022-08-05 00:00:00,1659657600000.0,3.536e-05,3.763e-05,3.529e-05,3.574e-05,363888.5,1659743999999.0,13.14720267,4579.0,181660.9,6.57634826,0.0
2022-08-06 00:00:00,1659744000000.0,3.567e-05,3.643e-05,3.49e-05,3.515e-05,171926.4,1659830399999.0,6.12563795,2549.0,107395.6,3.83211276,0.0
2022-08-07 00:00:00,1659830400000.0,3.518e-05,3.579e-05,3.475e-05,3.482e-05,125312.3,1659916799999.0,4.41070854,2873.0,51437.4,1.81046336,0.0
2022-08-08 00:00:00,1659916800000.0,3.478e-05,3.596e-05,3.47e-05,3.507e-05,250053.7,1660003199999.0,8.84074036,4058.0,117206.3,4.15393054,0.0
2022-08-09 00:00:00,1660003200000.0,3.519e-05,3.685e-05,3.441e-05,3.494e-05,343372.9,1660089599999.0,12.2372161,5524.0,146001.0,5.21551382,0.0
2022-08-10 00:00:00,1660089600000.0,3.487e-05,3.792e-05,3.433e-05,3.676e-05,472149.0,1660175999999.0,17.01857147,5701.0,218477.3,7.91934979,0.0
2022-08-11 00:00:00,1660176000000.0,3.682e-05,3.69e-05,3.541e-05,3.61e-05,235707.2,1660262399999.0,8.45691534,3672.0,149519.1,5.36684443,0.0
2022-08-12 00:00:00,1660262400000.0,3.615e-05,3.742e-05,3.572e-05,3.606e-05,348567.7,1660348799999.0,12.69303265,4077.0,132398.5,4.82915869,0.0
2022-08-13 00:00:00,1660348800000.0,3.61e-05,3.713e-05,3.554e-05,3.569e-05,209054.8,1660435199999.0,7.56095456,4539.0,99547.3,3.60280246,0.0
2022-08-14 00:00:00,1660435200000.0,3.576e-05,3.626e-05,3.406e-05,3.458e-05,309323.2,1660521599999.0,10.81206508,3986.0,113939.5,3.98303363,0.0
2022-08-15 00:00:00,1660521600000.0,3.451e-05,3.474e-05,3.347e-05,3.4e-05,347942.9,1660607999999.0,11.88642831,3818.0,105448.8,3.61188045,0.0
2022-08-16 00:00:00,1660608000000.0,3.405e-05,3.46e-05,3.374e-05,3.422e-05,165602.8,1660694399999.0,5.66393855,3551.0,64527.0,2.21132826,0.0
2022-08-17 00:00:00,1660694400000.0,3.427e-05,3.5e-05,3.282e-05,3.309e-05,174834.1,1660780799999.0,5.89661982,4012.0,64320.1,2.18323273,0.0
2022-08-18 00:00:00,1660780800000.0,3.315e-05,3.345e-05,3.108e-05,3.158e-05,194097.6,1660867199999.0,6.32598975,4012.0,76082.5,2.48967877,0.0
2022-08-19 00:00:00,1660867200000.0,3.16e-05,3.266e-05,3.045e-05,3.266e-05,299474.9,1660953599999.0,9.42506039,5169.0,135561.9,4.28154168,0.0
2022-08-20 00:00:00,1660953600000.0,3.257e-05,3.292e-05,3.132e-05,3.197e-05,166185.8,1661039999999.0,5.37197033,2913.0,68262.0,2.21050379,0.0
2022-08-21 00:00:00,1661040000000.0,3.196e-05,3.318e-05,3.186e-05,3.255e-05,197483.7,1661126399999.0,6.41855734,1959.0,82263.8,2.67360162,0.0
2022-08-22 00:00:00,1661126400000.0,3.255e-05,3.275e-05,3.121e-05,3.272e-05,134027.2,1661212799999.0,4.26428791,1298.0,58198.1,1.85561577,0.0
2022-08-23 00:00:00,1661212800000.0,3.273e-05,3.383e-05,3.262e-05,3.364e-05,363456.0,1661299199999.0,12.12346309,3634.0,262935.8,8.78024206,0.0
2022-08-24 00:00:00,1661299200000.0,3.371e-05,3.41e-05,3.338e-05,3.377e-05,248411.4,1661385599999.0,8.39620664,2434.0,161360.2,5.45478555,0.0
2022-08-25 00:00:00,1661385600000.0,3.377e-05,3.482e-05,3.377e-05,3.449e-05,187070.8,1661471999999.0,6.41560224,2061.0,111634.8,3.8303537,0.0
2022-08-26 00:00:00,1661472000000.0,3.45e-05,3.467e-05,3.231e-05,3.26e-05,414624.7,1661558399999.0,13.87025204,2995.0,131387.4,4.43933061,0.0
2022-08-27 00:00:00,1661558400000.0,3.264e-05,3.287e-05,3.231e-05,3.255e-05,323689.8,1661644799999.0,10.54469556,1607.0,79235.8,2.58248651,0.0
2022-08-28 00:00:00,1661644800000.0,3.256e-05,3.324e-05,3.214e-05,3.22e-05,115389.3,1661731199999.0,3.77829257,1611.0,62825.2,2.0629183,0.0
2022-08-29 00:00:00,1661731200000.0,3.228e-05,3.324e-05,3.198e-05,3.309e-05,150258.2,1661817599999.0,4.90364494,1863.0,65564.9,2.14959567,0.0
2022-08-30 00:00:00,1661817600000.0,3.309e-05,3.346e-05,3.239e-05,3.301e-05,216324.4,1661903999999.0,7.16053982,1464.0,136530.7,4.53346466,0.0
2022-08-31 00:00:00,1661904000000.0,3.299e-05,3.493e-05,3.29e-05,3.31e-05,569712.1,1661990399999.0,19.33892338,3288.0,331465.9,11.24557636,0.0
2022-09-01 00:00:00,1661990400000.0,3.304e-05,3.365e-05,3.231e-05,3.318e-05,394069.5,1662076799999.0,12.9271266,2344.0,104899.0,3.45874037,0.0
2022-09-02 00:00:00,1662076800000.0,3.323e-05,3.677e-05,3.322e-05,3.571e-05,1389951.5,1662163199999.0,49.44317698,7855.0,848928.4,30.1437572,0.0
2022-09-03 00:00:00,1662163200000.0,3.569e-05,3.574e-05,3.424e-05,3.468e-05,279214.6,1662249599999.0,9.6757578,1715.0,130859.0,4.53583086,0.0
2022-09-04 00:00:00,1662249600000.0,3.473e-05,3.497e-05,3.34e-05,3.365e-05,379695.8,1662335999999.0,12.87608506,2681.0,135138.6,4.59121579,0.0
2022-09-05 00:00:00,1662336000000.0,3.364e-05,3.4e-05,3.293e-05,3.341e-05,371649.9,1662422399999.0,12.4040338,2176.0,116674.4,3.8962971,0.0
2022-09-06 00:00:00,1662422400000.0,3.35e-05,3.377e-05,3.132e-05,3.236e-05,586780.9,1662508799999.0,19.26301329,4200.0,245356.6,8.06997696,0.0
2022-09-07 00:00:00,1662508800000.0,3.232e-05,3.3e-05,3.187e-05,3.271e-05,343719.0,1662595199999.0,11.19177664,2428.0,168633.9,5.49708748,0.0
2022-09-08 00:00:00,1662595200000.0,3.274e-05,3.323e-05,3.219e-05,3.302e-05,297192.7,1662681599999.0,9.74149812,2420.0,167421.3,5.49758138,0.0
2022-09-09 00:00:00,1662681600000.0,3.305e-05,3.335e-05,3.025e-05,3.079e-05,566725.2,1662767999999.0,17.92208105,3998.0,252302.0,8.02746458,0.0
2022-09-10 00:00:00,1662768000000.0,3.081e-05,3.195e-05,3.018e-05,3.034e-05,376482.6,1662854399999.0,11.65419678,2716.0,203987.1,6.32836538,0.0
2022-09-11 00:00:00,1662854400000.0,3.037e-05,3.116e-05,2.953e-05,2.973e-05,299749.0,1662940799999.0,9.11933653,2467.0,127003.1,3.87196447,0.0
2022-09-12 00:00:00,1662940800000.0,2.981e-05,3.033e-05,2.878e-05,2.891e-05,360203.6,1663027199999.0,10.65404826,3354.0,150690.7,4.46377829,0.0
2022-09-13 00:00:00,1663027200000.0,2.89e-05,2.99e-05,2.835e-05,2.945e-05,406851.4,1663113599999.0,11.79620927,3660.0,191342.1,5.57281837,0.0
2022-09-14 00:00:00,1663113600000.0,2.942e-05,3.088e-05,2.934e-05,3.032e-05,285082.1,1663199999999.0,8.58996304,2343.0,162265.1,4.90046238,0.0
2022-09-15 00:00:00,1663200000000.0,3.027e-05,3.051e-05,2.957e-05,3e-05,142862.7,1663286399999.0,4.30211878,2187.0,76214.7,2.29880203,0.0
2022-09-16 00:00:00,1663286400000.0,3e-05,3.164e-05,2.966e-05,3.118e-05,523276.5,1663372799999.0,16.23941908,2912.0,251607.9,7.81233526,0.0
2022-09-17 00:00:00,1663372800000.0,3.117e-05,3.135e-05,3.063e-05,3.125e-05,159865.6,1663459199999.0,4.95437205,1274.0,84663.3,2.62947214,0.0
2022-09-18 00:00:00,1663459200000.0,3.124e-05,3.184e-05,2.708e-05,2.942e-05,846892.9,1663545599999.0,25.92474699,4486.0,432024.6,13.3113273,0.0
2022-09-19 00:00:00,1663545600000.0,2.94e-05,3.2e-05,2.928e-05,3.05e-05,598042.5,1663631999999.0,18.26067929,3632.0,314329.2,9.62351855,0.0
2022-09-20 00:00:00,1663632000000.0,3.045e-05,3.191e-05,3.027e-05,3.176e-05,365293.0,1663718399999.0,11.40596432,2651.0,159293.1,4.98064826,0.0
2022-09-21 00:00:00,1663718400000.0,3.178e-05,3.199e-05,2.96e-05,3.044e-05,375517.7,1663804799999.0,11.53790471,3403.0,170680.4,5.25621154,0.0
2022-09-22 00:00:00,1663804800000.0,3.044e-05,3.09e-05,3.014e-05,3.052e-05,214777.7,1663891199999.0,6.5543555,2141.0,72830.2,2.22400896,0.0
2022-09-23 00:00:00,1663891200000.0,3.053e-05,3.213e-05,3.053e-05,3.146e-05,342786.5,1663977599999.0,10.80762537,3857.0,194150.1,6.12429956,0.0
2022-09-24 00:00:00,1663977600000.0,3.153e-05,3.288e-05,3.153e-05,3.202e-05,124597.5,1664063999999.0,4.00777427,1360.0,64153.2,2.06827393,0.0
2022-09-25 00:00:00,1664064000000.0,3.202e-05,3.287e-05,3.155e-05,3.201e-05,285763.2,1664150399999.0,9.26070508,2290.0,114124.0,3.68961154,0.0
2022-09-26 00:00:00,1664150400000.0,3.191e-05,3.34e-05,3.18e-05,3.252e-05,528074.5,1664236799999.0,17.18697029,4904.0,309906.5,10.08700475,0.0
2022-09-27 00:00:00,1664236800000.0,3.251e-05,3.274e-05,3.12e-05,3.183e-05,485701.7,1664323199999.0,15.46683859,6585.0,187184.0,5.98835133,0.0
2022-09-28 00:00:00,1664323200000.0,3.186e-05,3.189e-05,2.97e-05,3.019e-05,558347.7,1664409599999.0,17.04568441,4396.0,240501.4,7.32480133,0.0
2022-09-29 00:00:00,1664409600000.0,3.018e-05,3.055e-05,2.966e-05,2.984e-05,287929.5,1664495999999.0,8.66330477,2118.0,104189.6,3.1370124,0.0
2022-09-30 00:00:00,1664496000000.0,2.982e-05,3.025e-05,2.908e-05,2.968e-05,297402.3,1664582399999.0,8.86308455,2650.0,144429.8,4.31116417,0.0
2022-10-01 00:00:00,1664582400000.0,2.967e-05,3.005e-05,2.963e-05,2.975e-05,66635.8,1664668799999.0,1.98872486,962.0,40189.5,1.19962479,0.0
2022-10-02 00:00:00,1664668800000.0,2.976e-05,2.996e-05,2.903e-05,2.904e-05,163646.9,1664755199999.0,4.83551365,1675.0,77549.2,2.29498371,0.0
2022-10-03 00:00:00,1664755200000.0,2.904e-05,2.955e-05,2.863e-05,2.918e-05,195621.3,1664841599999.0,5.7139232,1824.0,81605.6,2.38840588,0.0
2022-10-04 00:00:00,1664841600000.0,2.918e-05,2.933e-05,2.875e-05,2.879e-05,109328.4,1664927999999.0,3.17115232,1278.0,54526.2,1.58107345,0.0
2022-10-05 00:00:00,1664928000000.0,2.879e-05,2.916e-05,2.851e-05,2.901e-05,158807.9,1665014399999.0,4.57493495,1362.0,69656.6,2.00896383,0.0
2022-10-06 00:00:00,1665014400000.0,2.902e-05,2.915e-05,2.869e-05,2.88e-05,177141.1,1665100799999.0,5.13668922,1584.0,90373.1,2.6220705,0.0
2022-10-07 00:00:00,1665100800000.0,2.881e-05,3.35e-05,2.875e-05,3.146e-05,2159204.1,1665187199999.0,68.60118645,16081.0,1080729.4,34.25803023,0.0
2022-10-08 00:00:00,1665187200000.0,3.145e-05,3.192e-05,3.048e-05,3.091e-05,651964.2,1665273599999.0,20.20382761,4297.0,315193.2,9.77601761,0.0
2022-10-09 00:00:00,1665273600000.0,3.091e-05,3.152e-05,3.071e-05,3.125e-05,173990.1,1665359999999.0,5.40659206,1666.0,107149.6,3.33084837,0.0
2022-10-10 00:00:00,1665360000000.0,3.126e-05,3.181e-05,3.005e-05,3.007e-05,404569.3,1665446399999.0,12.46899193,3212.0,203175.1,6.2767441,0.0
2022-10-11 00:00:00,1665446400000.0,3.009e-05,3.01e-05,2.939e-05,2.948e-05,341528.3,1665532799999.0,10.12342875,2451.0,89835.3,2.66445833,0.0
2022-10-12 00:00:00,1665532800000.0,2.952e-05,2.992e-05,2.946e-05,2.976e-05,160055.6,1665619199999.0,4.75206833,1497.0,52137.7,1.55158474,0.0
2022-10-13 00:00:00,1665619200000.0,2.974e-05,3.025e-05,2.864e-05,2.905e-05,685859.3,1665705599999.0,20.00627759,4597.0,342499.2,9.99906092,0.0
2022-10-14 00:00:00,1665705600000.0,2.905e-05,2.929e-05,2.881e-05,2.924e-05,377761.2,1665791999999.0,10.98667469,2368.0,119790.6,3.48622233,0.0
2022-10-15 00:00:00,1665792000000.0,2.92e-05,2.969e-05,2.912e-05,2.948e-05,224840.0,1665878399999.0,6.61109651,1476.0,171903.2,5.05594678,0.0
2022-10-16 00:00:00,1665878400000.0,2.945e-05,2.982e-05,2.925e-05,2.96e-05,86921.2,1665964799999.0,2.56274655,1063.0,42688.1,1.25899181,0.0
2022-10-17 00:00:00,1665964800000.0,2.956e-05,2.962e-05,2.921e-05,2.947e-05,95768.8,1666051199999.0,2.81717562,794.0,43707.3,1.28602567,0.0
2022-10-18 00:00:00,1666051200000.0,2.948e-05,2.987e-05,2.881e-05,2.954e-05,289475.0,1666137599999.0,8.48301493,2130.0,124430.2,3.65779144,0.0
2022-10-19 00:00:00,1666137600000.0,2.958e-05,3.041e-05,2.912e-05,2.96e-05,337877.2,1666223999999.0,10.02770313,2636.0,129484.5,3.85335005,0.0
2022-10-20 00:00:00,1666224000000.0,2.957e-05,3.017e-05,2.922e-05,2.956e-05,313350.9,1666310399999.0,9.28720673,2624.0,134912.3,4.00107854,0.0
2022-10-21 00:00:00,1666310400000.0,2.949e-05,2.975e-05,2.886e-05,2.969e-05,499186.7,1666396799999.0,14.63021996,2766.0,269660.1,7.90401729,0.0
2022-10-22 00:00:00,1666396800000.0,2.968e-05,2.979e-05,2.914e-05,2.975e-05,116300.7,1666483199999.0,3.43734459,929.0,60509.1,1.78792746,0.0
2022-10-23 00:00:00,1666483200000.0,2.973e-05,2.991e-05,2.925e-05,2.96e-05,87736.0,1666569599999.0,2.59727861,1219.0,43452.5,1.2870867,0.0
2022-10-24 00:00:00,1666569600000.0,2.963e-05,2.978e-05,2.918e-05,2.93e-05,200804.6,1666655999999.0,5.9008426,1450.0,71689.6,2.10972686,0.0
2022-10-25 00:00:00,1666656000000.0,2.93e-05,2.971e-05,2.877e-05,2.902e-05,230019.2,1666742399999.0,6.7372269,1724.0,103089.5,3.0251719,0.0
2022-10-26 00:00:00,1666742400000.0,2.9e-05,2.994e-05,2.877e-05,2.94e-05,563261.9,1666828799999.0,16.49984113,3550.0,297744.4,8.73157445,0.0
2022-10-27 00:00:00,1666828800000.0,2.938e-05,2.99e-05,2.905e-05,2.933e-05,217467.0,1666915199999.0,6.40465679,2226.0,99549.8,2.93216123,0.0
2022-10-28 00:00:00,1666915200000.0,2.93e-05,3.023e-05,2.901e-05,2.981e-05,260180.2,1667001599999.0,7.75634476,3317.0,113815.0,3.39596141,0.0
2022-10-29 00:00:00,1667001600000.0,2.986e-05,3.042e-05,2.945e-05,3.004e-05,187283.9,1667087999999.0,5.59789169,2565.0,81248.5,2.42835053,0.0
2022-10-30 00:00:00,1667088000000.0,3.003e-05,3.037e-05,2.916e-05,2.975e-05,213076.9,1667174399999.0,6.33774762,2554.0,69918.8,2.08080228,0.0
2022-10-31 00:00:00,1667174400000.0,2.973e-05,3.114e-05,2.952e-05,2.985e-05,379133.8,1667260799999.0,11.51550703,3843.0,184006.2,5.59072929,0.0
2022-11-01 00:00:00,1667260800000.0,2.986e-05,3.042e-05,2.963e-05,2.963e-05,115941.8,1667347199999.0,3.48013295,1121.0,61360.8,1.84146928,0.0
2022-11-02 00:00:00,1667347200000.0,2.963e-05,2.981e-05,2.866e-05,2.927e-05,276025.4,1667433599999.0,8.05812617,3102.0,123812.8,3.62056424,0.0
2022-11-03 00:00:00,1667433600000.0,2.924e-05,3.044e-05,2.924e-05,3.012e-05,425570.0,1667519999999.0,12.74245003,4537.0,235110.4,7.04043949,0.0
2022-11-04 00:00:00,1667520000000.0,3.006e-05,3.134e-05,2.997e-05,3.087e-05,419333.6,1667606399999.0,12.87299586,3447.0,208637.5,6.40523771,0.0
2022-11-05 00:00:00,1667606400000.0,3.087e-05,3.112e-05,2.976e-05,3.029e-05,246479.9,1667692799999.0,7.52859481,2910.0,113402.1,3.46246961,0.0
2022-11-06 00:00:00,1667692800000.0,3.037e-05,3.173e-05,3.01e-05,3.035e-05,424118.9,1667779199999.0,13.13553531,4366.0,176109.8,5.45717666,0.0
2022-11-07 00:00:00,1667779200000.0,3.029e-05,3.19e-05,3.006e-05,3.086e-05,503500.7,1667865599999.0,15.5928213,4312.0,283143.2,8.79204763,0.0
2022-11-08 00:00:00,1667865600000.0,3.084e-05,3.155e-05,2.939e-05,2.99e-05,1424834.5,1667951999999.0,43.06996722,10238.0,693542.5,20.97978886,0.0
2022-11-09 00:00:00,1667952000000.0,2.997e-05,3.331e-05,2.941e-05,3.326e-05,1312903.0,1668038399999.0,40.98864103,9795.0,725738.4,22.75328143,0.0
2022-11-10 00:00:00,1668038400000.0,3.317e-05,3.317e-05,3.134e-05,3.231e-05,867623.5,1668124799999.0,28.05737914,5987.0,464430.7,15.07509621,0.0
2022-11-11 00:00:00,1668124800000.0,3.237e-05,3.302e-05,3.174e-05,3.277e-05,450581.7,1668211199999.0,14.64670291,3330.0,217004.8,7.06535112,0.0
2022-11-12 00:00:00,1668211200000.0,3.273e-05,3.288e-05,2.95e-05,3.024e-05,839696.8,1668297599999.0,25.5054039,9573.0,475448.2,14.37920647,0.0
2022-11-13 00:00:00,1668297600000.0,3.018e-05,3.215e-05,2.98e-05,3.191e-05,893477.7,1668383999999.0,27.26203393,10205.0,557785.8,16.98150709,0.0
2022-11-14 00:00:00,1668384000000.0,3.19e-05,3.2e-05,2.944e-05,3.101e-05,640879.1,1668470399999.0,19.55315705,4708.0,221575.0,6.77859258,0.0
2022-11-15 00:00:00,1668470400000.0,3.101e-05,3.193e-05,3.058e-05,3.14e-05,297733.0,1668556799999.0,9.31270355,2425.0,192833.7,6.04181145,0.0
2022-11-16 00:00:00,1668556800000.0,3.144e-05,3.204e-05,3.126e-05,3.14e-05,240827.8,1668643199999.0,7.64103313,2143.0,128338.0,4.07457659,0.0
2022-11-17 00:00:00,1668643200000.0,3.136e-05,3.159e-05,3.065e-05,3.086e-05,5926948.0,1668729599999.0,184.90097342,14573.0,2965082.1,92.6649792,0.0
2022-11-18 00:00:00,1668729600000.0,3.089e-05,3.211e-05,3.076e-05,3.164e-05,281644.6,1668815999999.0,8.88407371,2149.0,168965.0,5.33624782,0.0
2022-11-19 00:00:00,1668816000000.0,3.163e-05,3.292e-05,3.128e-05,3.211e-05,280752.5,1668902399999.0,9.01246802,1438.0,120778.3,3.8854318,0.0
2022-11-20 00:00:00,1668902400000.0,3.219e-05,3.243e-05,3.081e-05,3.096e-05,186566.7,1668988799999.0,5.90352035,1328.0,75873.7,2.40859718,0.0
2022-11-21 00:00:00,1668988800000.0,3.095e-05,3.219e-05,3.074e-05,3.184e-05,300901.7,1669075199999.0,9.4266915,2160.0,170288.0,5.33649206,0.0
2022-11-22 00:00:00,1669075200000.0,3.181e-05,3.66e-05,3.167e-05,3.309e-05,726921.6,1669161599999.0,24.03111986,3925.0,470280.2,15.66568409,0.0
2022-11-23 00:00:00,1669161600000.0,3.31e-05,3.314e-05,3.212e-05,3.283e-05,253167.2,1669247999999.0,8.25671991,2255.0,103107.8,3.36697664,0.0
2022-11-24 00:00:00,1669248000000.0,3.283e-05,3.295e-05,3.154e-05,3.175e-05,125231.5,1669334399999.0,4.01850606,1529.0,50564.3,1.62550183,0.0
2022-11-25 00:00:00,1669334400000.0,3.173e-05,3.18e-05,3.104e-05,3.13e-05,179919.1,1669420799999.0,5.63910435,2573.0,65021.8,2.03902955,0.0
2022-11-26 00:00:00,1669420800000.0,3.127e-05,3.178e-05,3.111e-05,3.152e-05,296800.8,1669507199999.0,9.34870085,1484.0,116420.1,3.66689419,0.0
2022-11-27 00:00:00,1669507200000.0,3.154e-05,3.385e-05,3.136e-05,3.16e-05,859011.7,1669593599999.0,27.95818692,5865.0,445884.0,14.54601253,0.0
2022-11-28 00:00:00,1669593600000.0,3.159e-05,3.281e-05,3.109e-05,3.187e-05,369568.7,1669679999999.0,11.75504672,2427.0,172868.7,5.50863543,0.0
2022-11-29 00:00:00,1669680000000.0,3.178e-05,3.191e-05,3.132e-05,3.156e-05,207274.3,1669766399999.0,6.54185168,1012.0,74437.5,2.35457641,0.0
2022-11-30 00:00:00,1669766400000.0,3.151e-05,3.183e-05,3.048e-05,3.062e-05,324747.2,1669852799999.0,10.03326138,1640.0,114488.1,3.53564522,0.0
2022-12-01 00:00:00,1669852800000.0,3.072e-05,3.073e-05,2.987e-05,3.006e-05,337163.1,1669939199999.0,10.16793156,1375.0,165862.5,4.99734023,0.0
2022-12-02 00:00:00,1669939200000.0,3.003e-05,3.013e-05,2.91e-05,2.948e-05,923332.8,1670025599999.0,27.29168223,3015.0,279817.7,8.28938091,0.0
2022-12-03 00:00:00,1670025600000.0,2.948e-05,3.489e-05,2.855e-05,2.887e-05,2445347.1,1670111999999.0,75.29421709,6231.0,1496337.8,47.33374522,0.0
2022-12-04 00:00:00,1670112000000.0,2.883e-05,2.923e-05,2.88e-05,2.903e-05,297962.8,1670198399999.0,8.64155606,1046.0,141030.8,4.09419931,0.0
2022-12-05 00:00:00,1670198400000.0,2.907e-05,2.909e-05,2.837e-05,2.853e-05,759208.3,1670284799999.0,21.81363151,2751.0,263635.3,7.57727053,0.0
2022-12-06 00:00:00,1670284800000.0,2.847e-05,2.872e-05,2.805e-05,2.823e-05,163256.4,1670371199999.0,4.62595531,1447.0,64742.0,1.83694334,0.0
